'-35.349995','149.089214','Phillip Salvos Store','Phillip Market Place, off Botany Street'
'-36.775799','144.254508','Salvation Army Family Store','57 High Street'
'-36.796498','144.242770','Salvation Army','14 Lockwood Road'
'-36.741705','144.262783','Salvation Army','9 Whip Court'
'-36.757522','144.286158','St Vinnies','31 Chapel Street'
'-36.795130','144.243906','St Vinnies','98 High Street'
'-36.762994','144.281417','Vision Australia','3 Wills Street'
'-36.771810','144.261999','Uniting Care','Crn. Panton & Laurel Streets'
'-36.774501','144.304975','Salvation Army','Shop 6, Strath Hill, Edwards Road'
'-36.755331','144.283758','Uniting Care','157 McCrae Street'
'-36.757967','144.282697','Uniting Care','198 Hargreaves Street'
'-36.708626','144.236286','Uniting Care','Sailors Gully Road'
'-36.761218','144.282213','Been around Before Store','Crn Coles Arcade & Lyttleton Terrace'
'-36.718388','144.253283','St Vinnies','23 High Street'
'-36.757923','144.282758','RSPCA','194 Hargreaves Street'
'-36.758261','144.276602','View Hill Fellowship','Crn. McKenzie Street & View St'
'-36.786297','144.246254','Native Wildlife','281 High Street'
'-36.747034','144.258062','St. Matthews OpShop','Crn. Eaglehawk Rd & Creeth St'
'-36.743853','144.282857','St. Johns','Crn. Smith & Baynes Street'
'-35.238119','149.060650','Belconnen Salvos Store','88 Josephson Street'
'-35.321552','149.153291','Fyshwick Salvos Store','15 Midura Street'
'-35.238285','149.062194','Belconnen St Vinnies','Cnr Rae & Purdue Streets'
'-35.325407','149.082965','Curtin St Vinnies','Curtin Place'
'-35.251281','149.136500','Dickson St Vinnies','Cape Street'
'-35.332045','149.152249','Narrabundah St Vinnies','Boolimba Crescent'
'-35.416474','149.062982','Tuggeranong St Vinnies','Cnr Athllon Dr & Pitman St'
'-35.424867','149.073486','Tuggeranong Salvos','Shop 4. 5 Tuggeranong Square'
'-35.214622','149.137712','Mitchell Salvos','Cnr Lysaght and Hoskins St'
'-35.341184','149.051123','Weston Salvos','14 Trennery St'
'-35.352542','149.233315','Queanbeyan Salvos','203 Crawford St'
'-35.253656','149.069581','Jamison Salvos','53 Bowman St'
'-35.351912','149.231401','Queanbeyan Family Store','8 Morrisett St'
'-38.162051','145.939616','St Vinnies','2  26 Normanby St'
'-38.162890','145.930811','Been Around Before Store','3 Victoria St'
'-38.234520','145.057570','Three Legged Chair','18 Progress St'
'-38.235826','145.067364','Outlook Environmental','29 Racecourse Rd'
'-38.330722','144.987534','St Vinnies','184 Main St'
'-38.230388','145.037780','Church of Christ Opportunity Shop','90 Wilsons Rd'
'-38.218669','145.037314','Peters Place','Cnr Albert St & Octavia St'
'-38.357439','144.899532','Angel Op Shop Inc','Shop 2-1189 Point Nepean Rd'
'-38.359724','144.891446','McCrae Lions','Shop 1-1401 Point Nepean Rd'
'-38.356649','144.903800','All-Saints Opportunity Shop','8-10 Ninth Ave'
'-38.184465','145.087912','Kankama Opportunity Shop','16b Ranelagh Drv'
'-38.184587','145.089466','Salvation Army','Shop 1-87 Mount Eliza Way'
'-35.352051','149.088041','St Vincent','Colbee Crt'
'-38.157958','145.223869','George Vowell Centre Opportunity Shop','Frankston-Hastings Road'
'-38.363569','144.877220','MS Opportunity Shop','1607 Point Nepean Road'
'-38.359253','144.894770','Rosebud Hospital and Aged Care Opportunity Shop','Shop 10 - 1283 Nepean Highway'
'-38.381674','144.886395','Rotary Opportunity Warehouse','4-13 Newington Avenue'
'-38.307843','145.192727','Salvation Army Family Store','21 High Street'
'-38.371233','144.831235','Southern Peninsula Community Fund Opportunity Shop','2141 Point Nepean Road'
'-38.356894','144.903806','Uniting Church Opportunity Shop','Shop 5 Nepean Plaza'
'-38.184102','145.088344','Corowa Court Opportunity Shop','32 Ranelagh Drive'
'-38.238459','145.064454','Salvation Army','3-205 Tyabb Rd'
'-37.805980','144.998263','Abbotsord Salvos Store','81 Victoria Crescent'
'-37.781839','144.977539','Carlton Salvos Store','747 Nicholson Street'
'-37.802535','144.983887','Collingwood Salvos Store','216 - 218 Smith Street'
'-37.787751','144.930974','Flemington Salvos Store','1264 Racecourse Road'
'-37.812088','144.971358','Melbourne CBD Salvos Store','69 Bourke Street'
'-37.809947','144.993124','Richmond Salvos Store','42 Victoria Street'
'-37.829932','144.959428','South Melbourne Salvos Store','183 Clarendon Street'
'-37.864368','144.985112','St Kilda Salvos Store','90 Inkerman Street'
'-37.825237','144.993929','Been around Before Store','120 Swan Street'
'-37.799591','144.988771','St Vinnies','121- 123 Johnston St'
'-37.836673','144.944402','St Vinnies','326 Bay St'
'-37.865284','144.981565','Frocks and Slacks','Barkly St'
'-37.800297','144.984276','St Marks Anglican Opportunity Shop','298 Smith Street'
'-37.788032','144.930565','Parish Bargain Shop','302 Racecourse Road'
'-35.216979','149.138481','Mitchell','Cnr Buckland Crt & Grimwade St Mitchell 2911'
'-35.252504','149.073565','Ys Choice','7 Lawry Place, Jamieson Centre'
'-35.222500','149.020000','Hand to Hand','Shop 41, Kippax Fair, Holt'
'-35.277349','149.132269','Sun Flower Charity SHop','Griffin Centre'
'-35.316298','149.142472','YMCA','Eyre Street Kingston (opposite Green Square)'
'-32.939872','151.659066','Op Shop Heaven','298 Main Rd'
'-32.733556','151.558017','Op Shop Heaven','318 High St'
'-34.425204','150.895090','St Vinnies','336 Crown Street Street'
'-32.739847','151.563724','St Vinnies','196 High Street'
'-34.571303','150.773117','Albion Park Salvos Store','169 Tongarra Road'
'-33.035202','151.660144','Belmont Salvos Store','5 Thomas Street'
'-33.028279','151.661286','Belmont North Salvos Store','3-356 Pacific Highway'
'-32.940953','151.659457','Cardiff Salvos Store','53 Harrison Street'
'-32.960932','151.698019','Charlestown Salvos Store','Shop 2, 219 Pacific Highway'
'-34.492131','150.796243','Dapto Salvos Store','23 Princes Highway'
'-32.759769','151.591274','Green Hills Salvos Store','Shop 4-5, The Village, 1 Garnet Road'
'-34.563439','150.839109','Shellharbour Salvos Store','44 Shellharbour Shopping Centre'
'-34.452750','150.845363','Unanderra Salvos Store','9 Nudjia Street'
'-34.566307','150.860126','Warilla Salvos Store','238 Shellharbour Road'
'-34.486406','150.889986','Warrawong Salvos Store','Shop 5-9, Westfield Shopping Centre, 45 Cowper Street'
'-34.429908','150.891014','Wollongong Salvos Store','29 Ellen Street'
'-32.750325','151.590712','East Maitland Family Store','93 High Street'
'-32.733556','151.558017','Maitland City Family Store','318 High Street'
'-33.012873','151.589830','Toronto Family Store','150 Carey Street'
'-34.425191','150.891116','St Andrews Op Shop','274 Crown Street'
'-34.503742','150.797255','Anglican Opportunity Shops','Parkside Plaza'
'-34.499431','150.789424','Big Heart OP Shop','Marshall Street'
'-34.409019','150.893162','Big Heart OP Shop','Ralph Black Drive'
'-34.438568','150.887953','St Vinnies','Miller Street'
'-34.418807','150.901257','St Vinnies','Corrimal Plaza'
'-34.401886','150.895333','St Vinnies','Montague Street'
'-36.431295','149.844433','Lifeline Second World','Princes Highway'
'-36.431295','149.844433','St Vinnies','Princes Highway'
'-32.735697','151.559384','Presbyterian Opportunity Shop','High Street'
'-34.425291','150.886032','Op Shop Heaven','375 Crown Street'
'-38.330722','144.987534','RSPCA Oppurtunity Shop','193 Main Street'
'-33.891938','151.246122','Bondi Junction Salvos Store','20 Spring Street'
'-33.940817','151.149400','St Peters Salvos Store','7 Bellevue Street'
'-35.356059','149.040817','Open Door','Shop 11 Chapman Shops, Perry Drive'
'-33.924553','151.227615','St Vincent De Paul Store - Kingsford','381 Anzac Parade, Kingsford'
'-33.942546','151.239350','St Vincent De Paul Store - Maroubra Junction','785 Anzac Parade, Maroubra Junction'
'-27.510406','153.032074','Asthma Foundation Annerley','437-439 Ipswich Road'
'-27.411617','152.974815','Asthma Foundation Mitchelton','43 Blackwood Street'
'-27.318392','153.068132','Asthma Foundation Sandgate','97 Brighton Road'
'-27.444641','153.174133','Asthma Foundation Wynnum','131 Bay Terrace'
'-27.359026','153.039238','Asthma Foundation Zillmere','Shop 2-35 Handford Road'
'-33.999054','150.867385','Lifeline Ingleburn','64 Oxford Rd'
'-34.062243','150.820403','St Vincent De Paul Campbelltown','13 Warby St'
'-34.040675','150.861937','St Vincent De Paul Minto','4 Ben Lomond Rd'
'-33.991633','150.883603','St Vincent De Paul Macquarie Fields','69 Saywell Rd'
'-34.067731','150.813810','Salvo Store','214 Queen St'
'-34.775594','150.697527','St Vinnies','117B Queen St'
'-35.106051','150.624221','St Vinnies','199 Kerry St'
'-35.356103','150.470741','St Vinnies','251 Green St'
'-34.878157','150.600811','St Vinnies','77-79 Plunkett St'
'-34.054530','150.694955','Lifeline Camden','132 ARGYLE ST'
'-34.042223','150.735103','Lifeline Narellan','8-10 QUEEN ST'
'-34.477341','150.418181','St Vinnies','248 BONG BONG ST'
'-34.451725','150.446463','St Vinnies','22 BOWRAL RD'
'-34.551526','150.367904','St Vinnies','502A ARGYLE ST'
'-34.170267','150.614237','St Vinnies','13 COLDEN ST'
'-34.670254','150.853760','St Vinnies','80 TERRALONG ST'
'-34.565737','150.819067','St Vinnies','41 CENTRAL AVE'
'-27.466039','153.028103','Adelaide St CITY Centre','215 Adelaide Street'
'-37.862654','144.980218','Grey Street Op Shop','87A Grey Street'
'-31.892250','116.016256','Good Sammy','3  164-168 Great Eastern Hwy'
'-31.952228','115.856752','Good Sammy',' 289 Murray St'
'-31.953885','115.861835','Good Sammy','116 Murray St'
'-32.053234','115.749551','Good Sammy','142 High St'
'-31.956050','115.871680','Stamp Shop','107 Wellington St'
'-37.561264','143.854530','Been Around Before Store','406 Sturt Street'
'-37.562910','143.865697','Bakery Hill Salvos','Cnr Humffray & Victoria Streets'
'-37.540185','143.828064','Wendouree Salvos Store','1225 Howitt Street'
'-37.589011','143.839595','Sebastopol Salvos Store','Cnr Beverin & Gray Streets'
'-37.564879','143.861529','Baptist Bargain Centre','10 Eastwood St'
'-37.560684','143.856495','Brotherhood Community Shop','20 Armstrong St Nth'
'-37.569099','143.846175','De s Recycled Fashions','202 South St'
'-37.526580','143.824648','St Vincent de Paul','Cnr Gillies & Grevillea Rd'
'-37.591289','143.840684','St Vincent de Paul','112 Albert Street'
'-37.560802','143.862760','Lifeline Opportunity Shop','8 Shepperd St'
'-37.564968','143.859001','Outreach Furniture Shop','102 Albert St'
'-37.564153','143.860849','Wozzle Warehouse','11 Grenville St Sth'
'-37.539991','143.827598','Wozzle Warehouse','1231a Howitt St'
'-37.563755','143.865083','RSPCA Opportunity Shop','40 Main Rd'
'-37.563631','143.865240','Joyces Junkatique','38 Main Rd'
'-37.561195','143.853908','Peppermint Point','428a Sturt St'
'-37.600373','144.223363','Ballan District Health and Care Op Shop','159 Inglis St'
'-37.675520','144.436467','Salvos Store','122 Main Street'
'-37.674615','144.445834','St Vinnies','Manor Street'
'-38.004853','145.408961','St Johns Anglican Church Op Shop','1 St Georges Road'
'-38.202495','145.483175','Used To Be New',' Rossiter Road'
'-38.060312','145.458598','Salvation Army Family Store','Michael Street'
'-33.916234','150.925286','Treasures on Macquarie','66 Macquarie St'
'-33.955587','150.895918','Father Riley op shop','632 Hume Highway'
'-34.477218','150.420174','Father Riley Op Shop','15 Bundaroo Street'
'-32.837012','151.356222','Father Riley Op Shop','136 Vincent Street'
'-32.736957','151.560520','Father Riley Op Shop','250 High Street'
'-32.916429','151.748779','Father Riley Op Shop','Shop 2&3 / 104 Maitland Road'
'-35.342301','149.052227','Retro Rack','Cooleman Cr, Weston'
'-27.976147','153.402176','Help U Care','29 Margaret Street'
'-27.714235','153.203262','Salvos Store','61 Alamein Street'
'-27.933678','153.389568','Salvos Store','Shop 3, Treasure Cove Shopping Centre'
'-37.728323','144.939199','Trinos Op Shop','150A Cumberland Road, Pascoe Vale'
'-37.563318','143.863715','Vinnies','60 Bridge Mall, Ballarat, 3350'
'-34.895550','138.638449','Rotary Rummage Shop','Marden Shopping Centre, Marden'
'-34.931202','138.601875','Magdelene Bargain Centre','46 Carrington St, Adelaide '
'-34.933994','138.594611','Salvation Army','422 Morphett St, Adelaide'
'-35.013149','138.745184','Salvos Aldgate','312 Mt Barker Road,Aldgate SA 5154'
'-12.464578','130.840795','Salvos Darwin City','49 Mitchell Street, Darwin NT 0800'
'-12.387927','130.858508','Anglicare Op Shop - St Peters','Cnr Sabine And Trower Rds, Rapid Creek NT 0810'
'-21.159470','148.864188','Lifeline - Mirani','Victoria St, Mirani QLD 4754'
'-17.523457','146.031754','Lifeline - Innisfail','10 Fitzgerald Esp, Innisfail QLD 4860'
'-31.961995','141.460239','Vinnies - Broken Hill','95 Argent Street, Broken Hill NSW 2880'
'-37.829557','140.784216','Lifeline - Mt Gambier','80a Commercial St East, Mt Gambier SA 5290'
'-37.830859','140.786273','Lifeline - Mt Gambier','4 Crouch St, Mt Gambier SA 5290'
'-37.825566','140.777133','Lifeline - Mt Gambier','17 Elizabeth St, Mt Gambier SA 5290'
'-37.828593','140.782198','Lifeline - Mt Gambier','93 Commercial St West, Mt Gambier SA 5290'
'-37.826477','140.777666','Salvos - Mount Gambier','9 Caldwell Street, Mt Gambier SA 5290'
'-42.739192','147.243768','Salvos Bridgewater','25 Green Point Road, Bridgewater TAS 7030'
'-42.735381','147.244841','Vinnies - Bridgewater','5 Hurst Street,Bridgewater TAS 7030'
'-41.049480','145.904346','Lifeline - Burnie','19 Alexander St,Burnie TAS 7320'
'-41.176175','146.350064','Lifeline - Devonport','4 Kempling St, Devonport TAS 7310'
'-41.179841','146.369557','Lifeline - East Devonport','23 Murray St, East Devonport TAS 7310'
'-41.178663','146.360114','St Vinnies Devonport','22 Edward Street, Devonport TAS 7310'
'-41.180536','146.369705','St Vinnies East Devonport','18 Murray Street, East Devonport TAS 7310'
'-41.156051','146.171725','Lifeline - Ulverstone','24a King Edward St, Ulverstone TAS 7315'
'-41.156286','146.173776','Salvos Store  Ulverstone','23 Victoria Street, Ulverstone TAS 7315'
'-41.156674','146.171926','St Vinnies Ulverstone','25b King Edward Street, Ulverstone TAS 7315'
'-41.114209','146.073759','St Vinnies - Penguin','85 Main Street, Penguin TAS 7316'
'-42.780841','147.064244','St Vinnies - New Norfolk','4 Charles St, New Norfolk TAS 7140'
'-42.781518','147.061677','Salvos Store New Norfolk','5 High Street, New Norfolk TAS 7140'
'-41.524418','146.656736','Vinnies Deloraine','5 Emu Bay Road, Deloraine TAS 7304'
'-40.842280','145.122590','Vinnies Smithon','132 Nelson Street, Smithton TAS 7330'
'-42.866218','147.372369','Vinnies - Rosny','2 Gordon'
'-42.901138','147.444949','Vinnies Rokeby','High Street, Rokeby TAS 7019'
'-41.160577','147.517609','Salvos Scottsdale','13 King Street, Scottsdale TAS 7260'
'-32.010030','115.834190','The Pink Room','31 Ardross St Applecross WA 6153'
'-32.155420','116.015356','Drug ARM WA','56 Fourth Road, Armadale WA'
'-32.155233','116.014467','Good Sammy','40 Fouth Road, Armadale WA'
'-32.055112','115.744511','DOWN TOWN RAGS','45 HIGH STREET, Fremantle WA'
'-32.053366','115.749244','DUFUS CLOTHING SHOP','130 HIGH STREET, Fremantle WA'
'-32.053655','115.750127','Anglicare','181 High Street, Fremantle WA'
'-23.847047','151.258189','Vinnies Gladstone','185 Goondoon Street, Gladstone '
'-19.261164','146.816208','Townsville Cbd Salvos Store','398 Flinders Mall, Townsville QLD 4810'
'-19.290037','146.796616','Lifeline - Rising Sun','276 Charters Towers Rd, Rising Sun QLD 4812'
'-19.270313','146.780239','Townsville Currajong Mega Salvos Store','216-230 Woolcock St, Currajong QLD 4812'
'-19.265669','146.780777','Lifeline - Garbutt','Unit 2/233 Ingham Rd, Garbutt QLD 4814'
'-38.162150','145.932999','Mawarra','40 Palmerston St, Warragul'
'-37.024863','145.141855','Salvos','victoria st, seymour, vic'
'-37.024608','145.134678','Vinnies','Wallis St'
'-37.029906','145.146555','Go Again op shop','Behind the library, Anzac Avenue'
'-37.202287','145.046053','Salvos store','Powlett St'
'-32.940007','151.659944','Good Samaritans','278 Main Road, Cardiff'
'-32.836374','151.356346','Good Samaritans','112 Vincent Street, Cessnock'
'-33.426449','151.342312','Good Samaritans','125 Mann St, Gosford'
'-32.935703','151.739448','Good Samaritans','Unit 3, 12 Hassal Street, Hamilton South'
'-32.731939','151.554007','Good Samaritans','453 High Street, Maitland'
'-32.898488','151.738460','Good Samaritans','131 Maitland Road, Mayfield'
'-32.723179','152.144658','Good Samaritans','11 Yacaba Street, Nelson Bay'
'-32.922467','151.714821','Good Samaritans','12 Alma Road, New Lambton'
'-32.901900','151.669089','Good Samaritans','145 Nelson Street, Wallsend'
'-33.401501','151.346821','Father Riley op shop','Unit 2, 9 Brooks Avenue, WYOMING'
'-32.559900','151.172474','Father Riley op shop','251 John Street SINGLETON NSW'
'-34.749618','149.722188','Father Riley op shop','404 Auburn Street GOULBURN NSW'
'-33.886358','151.011635','Father Riley op shop','38A Helen St, SEFTON NSW'
'-28.864918','153.045915','LifeLine','95 Barker Street Casino NSW 2470'
'-28.868654','153.556667','LifeLine','247 River Street Ballina NSW 2478'
'-28.645978','153.616420','LifeLine','Marvell Street, Byron Bay NSW 2481'
'-28.581729','152.981991','LifeLine','31 Summerland Way Kyogle NSW 2474'
'-28.809779','153.277004','LifeLine','71 Magellan Street Lismore NSW 2480'
'-28.809235','153.267545','LifeLine','18 Casino Street South Lismore NSW 2480'
'-28.858807','153.049303','Salvos Store','Crn Johnson & Walker Streets, Casino'
'-28.808855','153.277110','Salvos Store','18 Carrington Street Lismore NSW 2480'
'-37.790739','145.095485','Yours Now Mine','321 Doncaster Road, Greythorn VIC'
'-36.053244','146.933500','Albury Family Store','1100 Mate Street NORTH ALBURY'
'-30.511619','151.652195','Armidale Family Store','99 Ohio Street ARMIDALE'
'-30.380225','150.609763','Barraba Family Store','77 Queen Street BARRABA'
'-33.417427','149.577624','Bathurst Family Store','167 George Street BATHURST'
'-36.673156','149.840058','Bega Family Store','91 Auckland Street BEGA'
'-29.869302','150.572696','Bingara Family Store','47 Maitland Street BINGARA'
'-34.481734','150.412862','Bowral Family Store','Lot 4/87 Kirkham Road BOWRAL'
'-31.959349','141.463133','Broken Hill Family Store','220 Argent Street BROKEN HILL'
'-34.060794','150.813644','Campbelltown Family Store','21 Badgally Road CAMPBELLTOWN'
'-32.837360','151.357137','Cessnock Family Store','14 Hall Street CESSNOCK NSW '
'-33.796815','151.185148','Chatswood Family Store','Shop 3, 3-9 Spring Street CHATSWOOD '
'-30.296471','153.117203','Coffs Harbour Family Store','27 Gordon Street COFFS HARBOUR'
'-36.224810','149.130552','Cooma Family Store','2-8 Mittagang Road COOMA '
'-34.640299','148.025850','Cootamundra Family Store','70 Wallendoon Street COOTAMUNDRA'
'-33.835772','148.688821','Cowra Family Store','5 Macquarie Street COWRA'
'-32.250980','148.605222','Dubbo Family Store','219 Darling St DUBBO'
'-33.903749','151.142237','Dulwich Hill Family Store','408-412 New Canterbury Road DULWICH HILL'
'-34.064567','151.011844','Engadine Family Store','5/10 Waratah Street ENGADINE'
'-29.739025','151.734833','Glenn Innes Family Store','126 Bourke Street GLEN INNES'
'-34.763488','149.710981','Goulburn Family Store','1 Auburn Street GOULBURN'
'-29.690290','152.935402','Grafton Family Stores','101 Pound Street GRAFTON'
'-33.893413','148.159235','Grenfell Family Store','54 Main Street GRENFELL'
'-34.286973','146.041989','Griffith Family Store','431 Banna Avenue GRIFFITH'
'-30.978877','150.250212','Gunnedah Family Store','73 Barber Street GUNNEDAH'
'-33.702807','151.104955','Hornsby Family Store','29-31 Burdett Street HORNSBY NSW'
'-29.774882','151.111733','Inverell Family Store','45 Otho Street INVERELL'
'-33.714127','150.311855','Katoomba Family Store','3/88 Katoomba Street KATOOMBA'
'-32.816597','151.483772','Kurri Kurri Family Store','115-117 Lang Street KURRI KURRI'
'-34.552245','146.405909','Leeton Family Store','6 Kurrajong Ave LEETON NSW'
'-28.808346','153.277985','Lismore Family Store','10 County Lane LISMORE'
'-28.808505','153.279304','Lismore Family Store No. 2','104 Keen Street LISMORE'
'-33.481073','150.157945','Lithgow Family Store','91 Main Street LITHGOW'
'-30.707106','152.922203','Macksville Family Store','20 River Road MACKSVILLE'
'-29.457455','153.196639','Maclean Family Store','Shop 3, 249 River Street MACLEAN'
'-30.748856','150.721252','Manilla Family Store','95 Manilla Street MANILLA '
'-36.887883','149.911415','Merimbula Family Store','3 Alice Street MERIMBULA '
'-29.466420','149.841601','Moree Family Store','201 Balo Street MOREE'
'-33.108349','151.486982','Morisett Family Store','14/99 Dora Street MORISETT'
'-32.594945','149.588229','Mudgee Family Store','73 Church Street MUDGEE'
'-30.323595','149.784932','Narrabri Family Store','19 Doyle Street NARRABRI'
'-33.830239','151.221897','Neutral Bay Family Store','Shop 5, 27 Grosvenor Street NEUTRAL BAY'
'-33.956922','151.002071','Panania Family Store','173 Tower Street PANANIA'
'-33.813287','151.007255','Parramatta Jumble Store','97 Phillip Street PARRAMATTA'
'-31.448699','152.891644','Port Macquarie Family Store','183 Lake Road PORT MACQUARIE'
'-32.561000','151.171806','Singleton Family Store','227 John Street SINGLETON'
'-31.091743','150.930821','Tamworth Family Store','186 Peel Street TAMWORTH'
'-31.911353','152.457971','Taree Family Store','67 Pulteney Street TAREE'
'-34.449236','147.533175','Temora Family Store','Cnr Victoria & Baker Streets TEMORA'
'-29.055423','152.017494','Tenterfield Family Store','Crown Street TENTERFIELD'
'-33.265021','151.540472','Tuggerah Lakes Family Store','28 Canton Beach Road TOUKLEY'
'-28.255847','153.575874','Tweed Heads Family Store','22 Pearl Street Kingscliff'
'-35.121306','147.361670','Wagga Wagga Family Store','188 Edward Street WAGGA WAGGA'
'-31.456072','152.733971','Wauchope Family Store','6 Young Street WAUCHOPE'
'-32.909657','151.583668','West Wallsend Family Store','Shop 10, The Store Building, Withers Street WEST WALLSEND'
'-33.922890','147.203186','West Wyalong Family Store','192 Main Street WEST WYALONG'
'-29.070619','153.346794','Woodburn Family Store','110 River Street WOODBURN'
'-30.111060','153.201319','Woolgoolga Family Store','9 Market Street WOOLGOOLGA'
'-34.310939','148.293477','Young Family Store','Clarke Street YOUNG'
'-34.494001','150.793006','Dapto UnitingCare Op Shop','Dapto'
'-37.829905','147.614233','RSPCA','373 Main Street,Bairnsdale'
'-37.852335','145.132764','RSPCA','Shops 9 & 10, 2-8 Burwood Hwy,Burwood East'
'-37.067609','144.220533','RSPCA','86 Forest Street,Castlemaine'
'-38.145276','145.123108','RSPCA','4 Peninsula Walk, Cnr Playne and Young St,Frankston'
'-38.155608','144.345768','RSPCA','316 Pakington Street Newtown, Geelong'
'-34.191812','142.155105','RSPCA','200a Deakin Avenue, Mildura'
'-38.177400','146.262519','RSPCA','37 Lloyd Street, Moe'
'-38.222209','145.040090','RSPCA','193 Main Street, Mornington'
'-38.348029','141.603912','RSPCA','44B Percy Street, Portland'
'-35.339095','143.558786','RSPCA','45 McCallum Street, Swan Hill '
'-36.365819','146.317022','RSPCA','1 & 3 Wills Street, Wangaratta'
'-38.380758','142.480555','RSPCA','120 Fairy Street, Warrnambool'
'-37.733549','144.882097','Salvation Army - Niddrie','4/302 Keilor Road, Niddrie'
'-37.766780','144.920378','Care Bargain Centre','121 Puckle Street, Moonie Ponds'
'-38.178370','146.261538','Lifeline - Moe','19 Fowler St, Moe'
'-38.234091','146.399358','Lifeline - Morwell','2-8 Fleming St, Morwell'
'-38.243539','146.416881','Salvos - Morwell','160 Commercial Road, Morwell'
'-37.708516','145.082814','Salvos- Watsonia','Shop 3/103 Watsonia Road, Watsonia'
'-38.606512','145.588833','Lifeline - Wonthaggi','175 Graham St, Wonthaggi'
'-37.946061','145.021926','Family Life Opportunity Shop','355 Bluff Road, Hampton'
'-37.967295','145.056645','Youthworx Bargain Store','2/16 Station Road, Cheltenham '
'-37.798648','145.051760','Epilepsy Foundation Of Victoria Opportunity Shop','643 High Street, Kew East'
'-37.812469','145.079523','Salvos - Balwyn','307 Whitehorse Road, Balwyn'
'-37.831387','145.058217','Salvos - Camberwell','529 Riversdale Road, Camberwell '
'-33.194098','138.007924','Lifeline','Unit 4, 79 Esmond Rd, Port Pirie'
'-32.491579','137.772762','Lifeline','9 Augusta Terrace Port Augusta'
'-33.014202','137.542880','Lifeline','Shop 5, George Avenue, Whyalla'
'-32.134830','116.009650','Lifeline','255 Railway Avenue, Kelmscott WA'
'-31.954494','115.863704','Lifeline','57 Murray Street Perth'
'-35.021624','138.614411','Red Cross - Blackwood','354a Sheperds Hill Road, Blackwood'
'-34.712315','138.671089','Red Cross - Elizabeth','Shop 14 165 Woodforde Road, Elizabeth'
'-34.981272','138.518146','Red Cross - Glenelg','Caravan - 14 Partridge Street, Glenelg'
'-35.066615','138.866875','Red Cross - Mt Barker','9 Dutton Road, Mt Barker'
'-34.892032','138.514757','Red Cross - Seaton','181 Trimmer Parade, Seaton'
'-34.872200','138.635260','Red Cross Superstore','317 North East Road, Hampstead Gardens'
'-34.949161','138.607003','Red Cross Superstore','166 Unley Road, Unley'
'-34.653707','139.284258','Red Cross - Cambrai','Sturt Street, Cambrai'
'-31.955643','141.466650','Red Cross - Broken Hill','65 - 67 Oxide street, Broken Hill'
'-34.171738','139.085597','Red Cross - Eudunda','Kapunda Street, Eudunda'
'-34.449767','140.571851','Red Cross - Loxton','Shop 4  6 Edward Street, Loxton'
'-34.068109','137.591200','Red Cross - Moonta','Ellen Street, Moonta'
'-35.117922','139.272905','Red Cross - Murray Bridge','4 Second Street, Murray Bridge'
'-34.273325','138.543807','Red Cross - Owen','Main Street, Owen'
'-34.723968','135.860559','Red Cross - Port Lincoln','36 Napoleon Street, Port Lincoln'
'-33.178021','138.011034','Red Cross - Port Pirie','135 Ellen Street, Port Pirie'
'-34.408703','139.126868','Red Cross - Truro','Moorundie Street, Truro'
'-38.111800','145.275051','Epilepsy Foundation Of Victoria Opportunity Shop','2 Lurline Street, Cranbourne '
'-33.918649','151.033862','Smith Family - Bankstown','1/20-21 Old Town Plaza, Bankstown'
'-33.371862','151.473369','Smith Family - Bateau Bay','8 Community Road, Bateau Bay'
'-33.770290','150.909148','Smith Family - Blacktown','80 Main Street, Blacktown'
'-34.481305','150.414912','Smith Family - Bowral','Shop 4, Cnr Station & Banyette Streets, Bowral'
'-33.885142','151.194833','Smith Family - Broadway','14 City Road, Chippendale, Broadway'
'-34.067054','150.812186','Smith Family - Campbelltown','Shop 9, Dumaresq Street, Campbelltown'
'-33.913824','151.104484','Smith Family - Campsie','323 Beamish Street, Campsie'
'-30.296864','153.114937','Smith Family - Coffs Harbour','66-68/84 City Centre Mall, Park Avenue, Coffs Harbour'
'-33.753360','151.288137','Smith Family - Dee Why','Shop 6, 17 Howard Avenue,Dee Why'
'-32.246889','148.603319','Smith Family - Dubbo','56 Church Street, Dubbo'
'-33.871243','150.957255','Smith Family - Fairfield','97 The Crescent, Fairfield'
'-34.752226','149.718705','Smith Family - Goulburn','Ellesmere Street, Goulburn'
'-33.966815','151.102209','Smith Family - Hurstville','Shop 1/243 Forest Road, Hurstville'
'-33.924559','150.924219','Smith Family - Liverpool','265 George Street, Liverpool'
'-33.911793','151.159567','Smith Family - Marrickville','147 Marrickville Road, Marrickville'
'-33.898874','151.175451','Smith Family - Newtown','1-8/10 Enmore Road, Newtown'
'-33.753829','150.694659','Smith Family - Penrith','82 Station Street, Penrith'
'-31.430677','152.919263','Smith Family - Port Macquarie','Shop 9 Galleria Bldg, William Street, Port Macquarie'
'-33.950918','151.138935','Smith Family - Rockdale','4A/452 Princes Highway, Rockdale'
'-34.484341','150.888061','Smith Family - Warrawong','Mowbray Lane, Warrawong'
'-33.013503','151.594755','Smith Family - Toronto','49 The Boulevard, Toronto'
'-34.428948','150.893060','Smith Family - Wollongong','283-285 Keira Street, Wollongong'
'-33.877321','151.102997','Smith Family - Burwood','Shop 38-40 Railway Pde, Burwood'
'-37.770197','144.961764','Savers Brunswick','330 Sydney Rd, Brunswick'
'-37.988710','145.214890','Savers Dandenong','210 Lonsdale St, Dandenong'
'-37.801789','144.899017','Savers Footscray','33 Albert St, Footscray'
'-38.145037','145.121123','Savers Frankston','16 - 22 Playne St, Frankston'
'-37.702657','145.105646','Savers Greensborough','Shop 7, 108-114 Main St, Greensborough'
'-38.208414','146.155290','Trafalgar & District Community Op Shop','8 Contingent St, Trafalgar'
'-38.134900','145.855324','Drouin Auxiliary Op Shop','121 Princes Way, Drouin'
'-38.078451','145.484080','Community Care Op Shop, Pakenham','4-5 Treloar Ln, Pakenham'
'-37.814785','145.098979','BSL -Balwyn','609 Whitehorse Road, Balwyn'
'-37.918999','145.041430','BSL - Bentleigh','518 Centre Road, Bentleigh'
'-37.778015','144.969860','BSL - Brunswick','109 Brunswick Road, Brunswick'
'-37.814598','144.963849','BSL - Royal Arcade','Ground Floor, Royal Arcade, Melbourne'
'-37.814615','144.963688','BSL - Royal Arcade','Basement, Royal Arcade, Melbourne'
'-37.796326','145.282310','BSL - Croydon','24 Hewish Road, Croydon'
'-37.987022','145.212357','BSL - Dandenong','235 Thomas Street, Dandenong'
'-37.760998','144.754956','BSL - Deer Park','114 Westwood Drive, Deer Park'
'-37.714522','145.149672','BSL - Eltham Mall','17 Arthur Street, Eltham'
'-37.799207','144.978537','BSL - Fitzroy','274 Brunswick Street, Fitzroy'
'-37.812220','144.864159','BSL - Footscray','462 Geelong Rd, Footscray'
'-33.437260','151.382863','Vinnies Erina','2/185 The Entrance Road ERINA, NSW'
'-38.141564','145.122750','BSL - Frankston','27 Keys St, Frankston'
'-37.889230','145.041654','BSL - Glen Huntly','1143 Glen huntly Road, Glen Huntly'
'-37.702557','145.105806','BSL - Greensborough','Rear Shop 6, Cnr Main Street and Para Road, Greensborough'
'-38.197982','144.341965','BSL - Grovedale','194 Torquay Road, Grovedale'
'-37.749802','145.041333','BSL - Heidelberg West','Cnr Bell Street and Oriel Road, Heidelberg West'
'-37.767187','145.044674','BSL - Ivanhoe','220 Upper Heidelberg Road, Ivanhoe'
'-37.858986','145.028678','BSL - Malvern','215 Glenferrie Road, Malvern'
'-37.765703','144.920090','BSL - Moonee Ponds','24 Margaret Street, Moonee Ponds'
'-37.877141','145.127244','BSL - Mount Waverley','11 Hamilton Walk, Mount Waverley'
'-37.783627','144.996193','BSL - Northcote','12a High Street, Northcote'
'-37.903665','145.039940','BSL - Ormond','5 Katandra Road, Ormond'
'-38.075593','145.479636','BSL - Pakenham','166 Main Street, Pakenham'
'-38.103456','145.126398','BSL - Seaford','Shop 1, 3 Station Street, Seaford'
'-37.867287','144.978803','BSL - St Kilda','82a Acland Street, St Kilda'
'-37.869061','145.235150','BSL - Knox City Shopping Centre','Knox City Shopping Centre, Cnr Burwood Hwy & Stud Road, Wantirna South'
'-37.709947','145.082856','BSL - Watsonia','78 Watsonia Rd, Watsonia'
'-37.852811','144.992991','BSL - Windsor','149 Chapel St, Windsor'
'-37.920432','145.054828','AAPS - East Bentleigh','693 Centre Road, East Bentleigh 3165'
'-38.009517','145.161094','AAPS - Keysborough','10 Homeleigh Road, Keysborough 3173'
'-37.864166','145.028563','AAPS - Malvern','Shop C, 1 Evandale Road, Malvern 3144'
'-37.967333','145.056957','AAPS - Cheltenham','22 Station Road, Cheltenham 3192'
'-37.934191','145.037400','AAPS - Moorabbin','36 Station Street, Moorabbin 3189'
'-37.858305','145.040802','Malvern Opportunity Shop','1428 High Street, Malvern'
'-37.765505','144.922324','Moonee Ponds Opportunity Shop','10 Everage St, Moonee Ponds'
'-37.860374','145.285944','MS Community Shop - BORONIA','34 DORSET SQUARE, BORONIA'
'-37.341864','144.143778','MS Community Shop - DAYLESFORD','14 ALBERT STREET, DAYLESFORD'
'-37.778175','145.018027','MS Community Shop - FAIRFIELD','SHOP 88c STATION STREET, FAIRFIELD'
'-38.137429','144.336792','MS Community Shop - GEELONG','Shop 3 131 SHANNON AVE, GEELONG '
'-37.684141','144.583666','MS Community Shop - MELTON','53 BAKERY SQUARE, MELTON'
'-34.186150','142.157470','MS Community Shop - MILDURA','120 LIME AVE, MILDURA'
'-37.874761','145.407012','MS Community Shop - MONBULK','88 MAIN STREET, MONBULK'
'-37.903458','145.329632','MS Community Shop - UPWEY','10 MAIN STREET, UPWEY'
'-37.881395','145.163874','MS Community Shop - WAVERLEY','96 KINGSWAY STREET, WAVERLEY'
'-28.088740','153.450745','Salvos Store - Burleigh Heads','1730 Gold Coast Highway, BURLEIGH HEADS'
'-27.702563','153.213020','Eagleby Salvos Store','Shop 17-18, Eagleby Shopping Plaza, Cnr Riverhills and Fryar Roads, EAGLEBY'
'-28.049193','153.435905','Eagleby Salvos Store','Shop 17-18, Eagleby Shopping Plaza, Cnr Riverhills and Fryar Roads, EAGLEBY'
'-27.964775','153.361221','Molendinar Salvos Store','3 - 9 Precision Drive MOLENDINAR'
'-27.994581','153.339218','Nerang Salvos Store','4/5, 23-25 Station Road NERANG'
'-27.891605','153.313431','Nerang Salvos Store','4/5, 23-25 Station Road NERANG'
'-28.118986','153.469867','Palm Beach Salvos Store','16/17 Eighth Avenue PALM BEACH'
'-27.965169','153.410692','Southport Salvos Store','48 Nind Street SOUTHPORT'
'-27.424627','153.000877','Alderley Salvos Store','23 South Pine Road ALDERLEY'
'-27.559825','153.020591','Archerfield Salvos Store','4/17 Boniface Street ARCHERFIELD'
'-27.608749','152.807106','Bundamba Salvos Store','12 Coal Street BUNDAMBA'
'-27.147454','152.978386','Burpengary Salvos Store','290 Bruce Highway BURPENGARY'
'-27.524837','153.254364','Cleveland Salvos Store','Unit B 25-31 Shore Street CLEVELAND'
'-28.168371','153.535614','Coolangatta Salvos Store','Shop 2,Coolangatta Place, 51 Griffith Street COOLANGATTA'
'-27.573513','153.090637','Eight Mile Plains Salvos Store','2433 Logan Road, EIGHT MILE PLAINS'
'-27.369394','153.047287','Geebung Salvos Store','Shop 2, 8 Railway Parade GEEBUNG'
'-27.249981','152.998322','Kallangur Salvos Store','1469 Anzac Avenue KALLANGUR'
'-27.642347','153.118517','Logan Central Salvos Store','Cnr Kingston & Wembley Streets LOGAN CENTRAL'
'-27.420957','153.033737','Lutwyche Salvos Store','554 Lutwyche Road LUTWYCHE'
'-27.094291','152.949677','Morayfield Salvos Store','Shop 2, Market Plaza, Cnr Market Drive and Morayfield Road MORAYFIELD'
'-27.446545','153.000626','Red Hill Salvos Store','80 Glenrosa Road RED HILL'
'-27.321710','153.068436','Sandgate Salvos Store','77 Rainbow Street SANDGATE'
'-27.304022','152.989754','Strathpine Salvos Store','389 Gympie Road STRATHPINE'
'-19.270186','146.780960','Townsville Currajong Mega Salvos Store','216-230 Woolcock St CURRAJONG'
'-27.610159','153.113327','Underwood Salvos Store','3255 Logan Road UNDERWOOD'
'-27.444204','153.173737','Wynnum Salvos Store','111 Bay Terrace WYNNUM'
'-19.317604','146.727593','Townsville Kirwan Salvos Store','1 Hervey Range Road THURINGOWA'
'-38.172732','144.345463','Lifeline - Belmont','123 High Street, Belmont, Geelong'
'-38.143797','144.352419','Lifeline - Geelong West','5/2A Gordon Avenue, Geelong West'
'-38.148521','144.358855','Lifeline Op Shop \"Just for You\"','13 James Street, Geelong CBD'
'-38.171756','144.570845','Lifeline - Drysdale','Village Walk, 21 Clifton Springs Road, Drysdale'
'-38.339399','143.590391','Lifeline - Colac','29 Murray Street, Colac'
'-38.171026','144.370907','Lifeline Warehouse and Distribution Centre','97 Strong Street, Geelong South'
'-26.857578','152.957306','Lifeline - Beerwah','Shop 17, 7 Turner Street Beerwah'
'-26.740974','153.128471','Lifeline - Bokarina','394 Nicklin Way, Bokarina'
'-26.805006','153.131317','Lifeline - Caloundra','1/70 Bulcock Street, Caloundra'
'-26.527002','153.088962','Lifeline - Coolum','Coolum Village, Birtwell Street, Coolum'
'-26.417053','152.910149','Lifeline - Cooroy','22a Maple Street Cooroy'
'-26.190529','152.663895','Lifeline - Gympie','52 Mary Street, Gympie'
'-26.661622','153.033936','Lifeline - Kunda Park','608 Maroochydore Road, Kunda Park'
'-26.758577','152.851267','Lifeline - Maleny','Rainforest Plaza, Maple Street, Maleny'
'-26.660844','153.100525','Lifeline - Shop & Shed','46 Aerodrome Road, Maroochydore'
'-26.625807','152.959917','Lifeline - Nambour','Shop 13, Cnr  Short St and Lowe St, Nambour Central'
'-26.398594','153.091148','Lifeline - Noosa','10 Lanyana Way, Noosa'
'-26.615591','153.082695','Lifeline - Pacific Paradise','2/708 David Low Way, Pacific Paradise'
'-26.366408','152.855194','Lifeline - Pomona','14 Memorial Drive, Pomona'
'-27.067247','153.148900','Lifelie - Bellara (Bribie)','Shop 1, 9 Benabrow Avenue, Bellara'
'-27.157122','152.973551','Lifelie - Burpengary','Luk Plaza, Northshore Drive, Burpengary'
'-27.084682','152.952194','Lifelie - Caboolture','27 King Street, Caboolture'
'-27.093653','152.953051','Lifelie - Caboolture Retail Barn','4 Industrial Ave (off Morayfield Rd), Caboolture'
'-27.250256','152.993393','Lifelie - Kallangur','1404 Anzac Avenue, Kallangur'
'-26.953694','152.786367','Lifelie - Woodford','George Street, Woodford'
'-27.068993','153.202120','Lifelie - Woorim (Bribie)','2/18 Jacana Avenue, Woorim'
'-27.345705','152.969829','Lifeline - Albany Creek','Shop 2, 700 Albany Creek Rd Albany Creek'
'-27.509928','153.032790','Lifeline - Vintage Revival','468 Ipswich Rd Annerley'
'-27.715370','153.194763','LifeLine - Beenleigh',' Shop 2A, Village Mall, George Street, BEENLEIGH'
'-27.331727','153.029806','LifeLine - Bracken Ridge','Shop 8, Bracken Ridge Plaza,Telegraph Rd, Bracken Ridge'
'-27.317342','152.981147','LifeLine - Brendale','Unit 4/ 256 Leitchs Rd (cnr Kremzow Rd), Brendale'
'-27.660313','153.037275','LifeLine - Browns Plains','Shop 2, 28 Johnson Rd, Browns Plains'
'-27.450857','153.057892','LifeLine - Bulimba','Shop 2, 126 Oxford St, BULIMBA'
'-27.471061','153.099533','LifeLine - Cannon Hill','Shop 25 Cannon Central, 1145 Wynnum Rd, Cannon Hill'
'-27.530747','153.197508','LifeLine - Capalaba','Unit 6 Merritt Street, (Cnr Redland Bay Road), CAPALABA'
'-27.521482','153.190095','LifeLine - Capalaba Park','Shop 89 , Redland Bay Rd (cnr Mt Cotton Rd), Capalaba'
'-27.495946','153.089203','LifeLine - Carina','791 Old Cleveland Rd , Carina'
'-27.388224','153.031601','Lifeline - Chermside','779 Gympie Rd , Chermside'
'-27.467968','153.025635','Lifeline - City','Blocksidge & Ferguson Arcade , 144 Adelaide St, BRISBANE CITY'
'-27.526157','153.267456','Lifeline - Cleveland','65 Middle St , Cleveland'
'-27.410485','152.991099','Lifeline - Everton Park','Everton Plaza, 527 South Pine Rd, Everton Park'
'-27.500525','153.026404','Lifeline - Fairfield','Shop 14, Fairfield Gdns , Fairfield Rd , Fairfield'
'-27.458108','153.034909','Lifeline - Fortitude Valley','680 Ann St, Fortitude Valley'
'-27.369883','153.047432','Lifeline - Geebung','340 Newman Rd Geebung'
'-27.512409','153.053340','Lifeline - Greenslopes','Shop 34, 700 Logan Rd Greenslopes'
'-27.597381','152.974487','Lifeline - Inala','Inala Plaza, Shop  13, Inala Ave (cnr Serviceton Ave) Inala'
'-27.411857','152.962985','Lifeline - Keperra','Shop F6A Great Western Super Centre,1028 Samford Rd Keperra'
'-27.642582','153.118322','Lifeline - Kingston','Shop 37 Logan City Centre, Wembley Rd (cnr Kingston Rd) Logan Central'
'-27.226860','153.091446','Lifeline - Kippa-Ring','Unit 1, 228 Anzac Ave Kippa-Ring'
'-27.222529','153.082372','Lifeline - Kippa-Ring','Shop 28 Kippa-Ring Village, Anzac Ave Kippa-Ring '
'-27.665210','153.176163','Lifeline - Loganholme','3906 Pacific Highway Loganholme'
'-27.422206','153.033898','Lifeline - Lutwyche','Shop 11, 543 Lutwyche Rd Lutwyche'
'-27.420282','153.034197','Lifeline - Lutwyche','572B Lutwyche Rd Lutwyche'
'-27.420221','153.034239','Lifeline - Lutwyche Book Shop','576 Lutwyche Rd LUTWYCHE'
'-27.243447','153.108078','Lifeline - Margate Beach','Shop 2, 26 Baynes St Margate'
'-27.680089','153.115962','Lifeline - Marsden','Shop 17B, Marsden Park Shopping Centre, Chambers Flat Rd Marsden'
'-27.532166','153.023949','Lifeline - Moorooka	','Shop 2, 139 Beaudesert Rd Moorooka'
'-27.538976','153.080172','Lifeline - Mt Gravatt Plaza','Shop 103, Mt Gravatt Plaza, Creek Rd  Mt Gravatt'
'-27.401525','153.059975','Lifeline - Nundah	','1273 Sandgate Rd  Nundah'
'-27.318423','153.068159','Lifeline - Sandgate	','Shop 1, 97 Brighton Rd  Sandgate'
'-27.410754','153.020981','Lifeline - Stafford	','253 Stafford Rd Stafford'
'-27.391247','153.011369','Lifeline - Stafford Heights','Rode Rd (cnr Appleby Rd) Stafford Heights'
'-27.498575','153.045101','Lifeline - Stones Corner',' 28 Old Cleveland Rd, Stones Corner'
'-27.302103','152.988838','Lifeline - Strathpine','451 Gympie Rd, Strathpine'
'-27.609017','153.113785','Lifeline - Underwood','2940 Logan Rd, Underwood'
'-27.585130','153.281947','Lifeline - Victoria Point','Shop E34, Victoria Pt Shopping Centre, Cnr Cleveland-Redland Bay & Bunker Rd, VICTORIA POINT'
'-27.366453','153.061757','Lifeline - Virginia','Unit 3/1928 Sandgate Road VIRGINIA '
'-27.691983','153.135295','Lifeline - Waterford','Shop 24, Kingston Rd Waterford Plaza Shopping Centre, Waterford'
'-27.486330','153.238075','Lifeline - Wellington Point','384 Main Rd, Wellington Point'
'-27.466408','152.985153','Lifeline - West End	','148 Boundary Rd, West End'
'-27.436271','153.015381','Lifeline - Wilston','1/278 Newmarket Road, WILSTON'
'-27.488438','153.034796','Lifeline - Woolloongabba','Gibbon St, Woolloongabba'
'-27.486354','153.034806','Lifeline - Woolloongabba','779 Stanley St, Woolloongabba'
'-27.443840','153.173756','Lifeline - Wynnum','101 Bay Tce, Wynnum'
'-17.266878','145.476066','Lifeline - Atherton','Reddan Ln, Atherton'
'-16.924125','145.769377','Lifeline - Central','211 Bunda St, Cairns'
'-16.941759','145.741684','Lifeline - Earlville','471 Mulgrave Rd, EARLVILLE'
'-17.016766','145.743690','Lifeline - Edmonton','181 Bruce Hwy, Edmonton'
'-17.091572','145.786118','Lifeline - Gordonvale','52 Norman St, Gordonvale'
'-17.523320','146.032060','Lifeline - Innisfail','10 Fitzgerald Esp, Innisfail'
'-16.991251','145.422783','Lifeline - Mareeba','4 Middlemiss St, MAREEBA'
'-16.459478','145.374542','Lifeline - Mossman','Pinjarra Place,37 Mill Street,MOSSMAN'
'-16.917238','145.741937','Lifeline - Roundabout','159 Anderson St, Manunda'
'-16.931462','145.759964','Lifeline - Superstore','188 Aumuller St, Bungalow'
'-25.513002','152.045593','Lifeline - Biggenden','24 Edward St,BIGGENDEN'
'-24.857143','152.371208','Lifeline - Bundaberg','70 Princess St,Bundaberg'
'-24.857000','152.371330','Lifeline - Bundaberg','72 Princess Street,BUNDABERG'
'-25.236880','152.276566','Lifeline - Childers	','126 Churchill St,Childers'
'-25.624827','151.608337','Lifeline - Gayndah','4 Capper St,Gayndah'
'-25.624053','151.609039','Lifeline - Gayndah','11 Capper St,GAYNDAH'
'-24.991880','151.955956','Lifeline - Gin Gin','65 Mulgrave St,GIN GIN'
'-37.820950','145.119191','Alkira Op Shop','3 Thurston St, Box Hill'
'-23.524914','148.159778','Lifeline - Emerald','34-36 Egerton Street,(Cnr Anakie St),EMERALD 4720'
'-23.879770','151.273659','Lifeline - Gladstone Megastore','36 Benaraby Road,GLADSTONE'
'-23.848563','151.264312','Lifeline - Toolooa Street','109a Toolooa Street,GLADSTONE'
'-28.088784','153.451035','Lifeline - Burleigh Heads','1722 Gold Coast Hwy, Burleigh Heads'
'-28.099545','153.423988','Lifeline - Burleigh Waters','Tree Tops, 6 Classic Way, Burleigh Waters'
'-27.974331','153.376010','Lifeline - Molendinar','28 Industrial Ave, MOLENDINAR'
'-28.000967','153.337875','Lifeline - Nerang','12 New St, Nerang'
'-28.058676','153.438200','Lifeline - Nobby Beach',' 2229 Gold Coast Hwy, Nobby Beach'
'-27.891876','153.312341','Lifeline - Oxenford','Cottonwood Place, Oxenford 4210'
'-28.122075','153.472367','Lifeline - Palm Beach','11 -12 Fifth Ave, Palm Beach'
'-27.911771','153.388793','Lifeline - Runaway Bay','385 Oxley Drv, Runaway Bay'
'-27.962968','153.412262','Lifeline - Southport','14 Railway St, Southport'
'-28.171956','153.541674','Lifeline - Tweed Heads','3/ 9 Beryl St, Tweed Heads'
'-31.961463','141.461105','Lifeline Broken Hill Shop','119-127 Argent Street Broken Hill NSW 2880'
'-31.964105','141.443720','Lifeline Broken Hill Workshop','186 Mercury Street Broken Hill NSW 2880'
'-37.683729','144.920035','Broadmeadows Care Bargain Centre - Broadmeadows','24 Railway Cres, Broadmeadows VIC'
'-37.741388','144.965506','Broadmeadows Care Bargain Centre - Coburg','rear 95 Bell St, Coburg VIC'
'-37.706292','144.919370','Broadmeadows Care Bargain Centre - Glenroy','88 Wheatsheaf Road, Glenroy VIC'
'-37.788756','145.158653','Doncare Community Services - Doncaster East','Doncaster Road, Doncaster East VIC'
'-37.773880','145.114281','Doncare Community Services - Lower Templestowe','Cnr Manningham Rd and High Street, Lower Templestowe VIC'
'-37.757522','145.129902','Doncare Community Services - Templestowe','Shop 23 (Rear) Anderson Street, Templestowe VIC'
'-37.810656','145.154326','Doncare Community Services - North Blackburn','Springfield Road, North Blackburn VIC'
'-37.673254','145.151574','Epic Treasure Trove - Diamond Creek','42 Chute St, Diamond Creek VIC'
'-37.822763','145.045173','Epic Treasure Trove - Hawthorn','109 Auburn Rd, Hawthorn VIC'
'-37.741385','145.003239','Epic Treasure Trove - Preston','357 High St, Preston VIC'
'-37.716662','145.008917','Epic Treasure Trove - Reservoir','272 Broadway, Reservoir VIC'
'-37.920715','145.056723','EPIC Treasure Trove  - Bentleigh East','747 Centre Rd , Bentleigh East  VIC'
'-37.921078','145.057132','EPIC Treasure Trove  - Bentleigh','690 Centre Rd , Bentleigh  VIC'
'-37.820677','145.150906','Epilepsy Foundation of Victoria - Blackburn','82 South Pde, Blackburn VIC'
'-37.993460','145.076098','Epilepsy Foundation of Victoria - Parkdale','258 Como Pde West, Parkdale VIC'
'-37.841892','145.267041','Harrison Community Services Op Shop - Bayswater','5/22 Station Street, Bayswater VIC'
'-37.909121','145.354209','Harrison Community Services Op Shop - Belgrave','1665 Burwood Highway, Belgrave VIC'
'-37.812417','145.171923','Harrison Community Services Op Shop - Nunawading','293 Springfield Road, Nunawading VIC'
'-37.898218','145.230118','Harrison Community Services Op Shop - Scoresby','4 Darryl Street, Scoresby VIC'
'-37.836525','145.195384','Harrison Community Services Op Shop - Vermont','6 Boronia Road, Vermont VIC'
'-37.820301','145.104992','Kindilan Op Shop - Mont Albert','9 Hamilton St, Mont Albert VIC'
'-37.821297','145.025376','Kindilan Op Shop - Hawthorn','79 Burwood, Hawthorn VIC'
'-37.877055','145.058518','MECWA - Malvern East','299 Waverley Rd, Malvern East VIC'
'-37.862625','145.029068','MECWA - Malvern','136 Wattletree Rd, Malvern VIC'
'-37.855928','144.992764','MECWA - Windsor','52 Chapel St, Windsor VIC'
'-37.799887','145.049809','Mental Illness Fellowship of Victoria - East Kew','602-604 High St, East Kew VIC'
'-37.766523','144.999498','Mental Illness Fellowship of Victoria - Northcote','454 High Street, Northcote VIC'
'-38.139782','144.348273','MS Society of Victoria - Geelong','131 Pakington Street, Geelong VIC'
'-37.893403','145.077194','Oakleigh Centre Op Shop - Hughesdale','62 Poath Rd, Hughesdale VIC'
'-37.909786','145.104029','Oakleigh Centre Op Shop - Huntingdale','290b Huntingdale Rd, Huntingdale VIC'
'-38.031037','145.257408','Oz Child - Hampton Park','2/90 Somerville Rd, Hampton Park VIC'
'-37.949081','145.044700','Oz Child - Highett','356 Highett Rd, Highett VIC'
'-37.918576','145.040796','Red Cross - Bentleigh','455 Centre Rd, Bentleigh VIC'
'-37.888652','145.057372','Red Cross - Carnegie','134 Koornang Rd, Carnegie VIC'
'-37.796596','145.281266','Red Cross - Croydon','114 Main St, Croydon VIC'
'-37.987575','145.216739','Red Cross - Dandenong','2/48 McCrae St, Dandenong VIC'
'-37.835959','145.166468','Red Cross - Forest Hill','24/65 Mahoneys Rd, Forest Hill VIC'
'-38.143777','145.122211','Red Cross - Frankston','13b Thompson St, Frankston VIC'
'-38.151960','144.363972','Red Cross - Geelong','64 Bellerine St, Geelong VIC'
'-37.899014','145.090117','Red Cross - Oakleigh','8 Eaton Street, Oakleigh VIC'
'-37.954208','145.151611','Red Cross - Springvale','7/308 Springvale Rd, Springvale VIC'
'-37.581436','144.729500','Red Cross - Sunbury','80 O\'Shanassy St, Sunbury VIC'
'-37.709693','145.082690','Red Cross - Watsonia','75 Watsonia Rd, Watsonia VIC'
'-37.901890','144.660763','Red Cross - Werribee','95 Watton St, Werribee VIC'
'-37.864700','144.986296','Sacred Heart Mission - East St Kilda','Inkerman Street, East St Kilda VIC'
'-37.854949','144.992995','Sacred Heart Mission - Windsor','86-88 Chapel Street, Windsor VIC'
'-37.810518','145.269571','St John of God Accord - Croydon South','cnr Eastfield & Bayswater Rd, Croydon South VIC'
'-37.689891','145.114674','St John of God Accord - Greensborough','108-130 Diamond Creek Rd, Greensborough VIC'
'-37.781133','145.427034','St John of God Accord - Wandin','6 Union Road, Wandin VIC'
'-37.771606','144.913521','St Vincent de Paul - Ascot Vale','155 Maribyrnong Rd, Ascot Vale VIC'
'-37.863774','145.081204','St Vincent de Paul - Ashburton','252 High St, Ashburton VIC'
'-37.842137','145.264986','St Vincent de Paul - Bayswater','700 Mountain Hwy, Bayswater VIC'
'-37.710152','145.117504','St Vincent de Paul - Briar Hill','23 Sherbourne Rd, Briar Hill VIC'
'-37.776481','144.960354','St Vincent de Paul - Brunswick','53 Sydney Rd, Brunswick VIC'
'-37.900781','145.124507','St Vincent de Paul - Clayton','2/370 Clayton Rd, Clayton VIC'
'-37.748283','144.965592','St Vincent de Paul - Coburg','260 Sydney Rd, Coburg VIC'
'-37.798223','144.978927','St Vincent de Paul - Collingwood','121-123 Johnston St, Collingwood VIC'
'-38.101393','145.282699','St Vincent de Paul - Cranbourne','4/218 High St, Cranbourne VIC'
'-37.794731','145.282408','St Vincent de Paul - Croydon','38-42 Main St, Croydon VIC'
'-38.037936','145.107898','St Vincent de Paul - Edithvale','254 Nepean Hwy, Edithvale VIC'
'-37.884131','145.296793','St Vincent de Paul - Ferntree Gully','32 Forest Rd, Ferntree Gully VIC'
'-38.141858','145.125333','St Vincent de Paul - Frankston','25 Ross Smith Ave, Frankston VIC'
'-38.164975','144.364713','St Vincent de Paul - Geelong','162 Fyans Street, Geelong VIC'
'-37.703989','144.915899','St Vincent de Paul - Glenroy','824a Pascoe Vale Rd, Glenroy VIC'
'-37.932435','145.003223','St Vincent de Paul - Hampton','501 Hampton St, Hampton VIC'
'-37.828578','145.043679','St Vincent de Paul - Hawthorn','254 Auburn Rd, Hawthorn VIC'
'-37.749495','145.054957','St Vincent de Paul - Heidelberg Heights','24 St Hellier St, Heidelberg Heights VIC'
'-37.797110','145.055219','St Vincent de Paul - Kew East','735 High, Kew East VIC'
'-37.674430','145.016839','St Vincent de Paul - Lalor','1 May Rd, Lalor VIC'
'-37.757211','145.353620','St Vincent de Paul - Lilydale','6a Castella St, Lilydale VIC'
'-37.865214','145.027648','St Vincent de Paul - Malvern','29-31 Glenferrie Rd, Malvern VIC'
'-37.682203','144.583705','St Vincent de Paul - Melton','51 Unitt St, Melton VIC'
'-37.815769','145.195286','St Vincent de Paul - Mitcham','545 Whitehorse Rd, Mitcham VIC'
'-37.820572','145.105309','St Vincent de Paul - Mont Albert','24 Hamilton St, Mont Albert VIC'
'-38.221573','145.040246','St Vincent de Paul - Mornington','184 Main St, Mornington VIC'
'-37.891172','145.143083','St Vincent de Paul - Mount Waverley','1/33-39 Centreway St, Mount Waverley VIC'
'-37.843040','144.882612','St Vincent de Paul - Newport','3 Mason St, Newport VIC'
'-37.896070','145.087078','St Vincent de Paul - Oakleigh','20 Crewe Rd, Oakleigh VIC'
'-37.903741','145.040154','St Vincent de Paul - Ormond','491 North Rd, Ormond VIC'
'-38.076430','145.480767','St Vincent de Paul - Pakenham','2/70 Main St, Pakenham VIC'
'-37.734544','145.013851','St Vincent de Paul - Preston','596- 598 Plenty Rd, Preston VIC'
'-37.817220','145.223142','St Vincent de Paul - Ringwood','2/82 Maroondah Hwy, Ringwood VIC'
'-38.107137','145.148107','St Vincent de Paul - Seaford','154 Austin Rd, Seaford VIC'
'-37.942334','145.154336','St Vincent de Paul - Springvale','119-123 Springvale Rd, Springvale VIC'
'-37.744192','144.797720','St Vincent de Paul - St Albans','71 Main Rd West, St Albans VIC'
'-37.583009','144.728365','St Vincent de Paul - Sunbury','156 O\'Shanassy St, Sunbury VIC'
'-37.787243','144.833322','St Vincent de Paul - Sunshine','56 Station Pl, Sunshine VIC'
'-37.901707','144.661087','St Vincent de Paul - Werribee','85 Watton St, Werribee VIC'
'-37.869617','144.831275','Salvation Army - Altona','108 Queen St, Altona VIC'
'-37.841202','145.263955','Salvation Army - Bayswater','683 Mountain Hwy, Bayswater VIC'
'-38.046568','145.368580','Salvation Army - Beaconsfield','Shop 2/40 Old Princes Hwy, Beaconsfield VIC'
'-37.859143','145.286015','Salvation Army - Boronia','274 Dorset Rd, Boronia VIC'
'-37.818747','145.123461','Salvation Army - Box Hill','603 Station St, Box Hill VIC'
'-37.779595','144.853620','Salvation Army - Braybrook','296 Ballarat Rd, Braybrook VIC'
'-37.759883','144.963557','Salvation Army - Brunswick','740 Sydney Rd, Brunswick VIC'
'-37.646642','144.973682','Salvation Army - Campbellfield','1/850 Cooper St, Campbellfield VIC'
'-37.887161','145.057639','Salvation Army - Carnegie','80 Koornang Rd, Carnegie VIC'
'-37.963495','145.055732','Salvation Army - Cheltenham','1216 Nepean Hwy, Cheltenham VIC'
'-37.925292','145.119903','Salvation Army - Clayton','286a Clayton Rd, Clayton VIC'
'-37.741574','144.966329','Salvation Army - Coburg','489 Sydney Rd, Coburg VIC'
'-37.596209','144.917185','Salvation Army - Craigieburn','Craigieburn Rd West, Craigieburn VIC'
'-37.796392','145.281341','Salvation Army - Croydon','104 Main St, Croydon VIC'
'-37.989324','145.215309','Salvation Army - Dandenong','17 Pultney St, Dandenong VIC'
'-37.788024','145.150199','Salvation Army - Doncaster East','916 Doncaster Rd, Doncaster East VIC'
'-37.995261','145.244203','Salvation Army - Doveton','1a Frawley Rd, Doveton VIC'
'-37.699150','144.959289','Salvation Army - Fawkner','1323 Sydney Rd, Fawkner VIC'
'-37.883761','145.268691','Salvation Army - Ferntree Gully','shop 3, 1841 Ferntree Gully Road, Ferntree Gully VIC'
'-37.788204','144.931803','Salvation Army - Flemington','264 Racecourse Rd, Flemington VIC'
'-37.799539','144.897596','Salvation Army - Footscray','199 Barkly St, Footscray VIC'
'-38.143510','145.122152','Salvation Army - Frankston','17 Thompson St, Frankston VIC'
'-38.149219','144.358564','Salvation Army - Geelong','128 Ryrie St, Geelong VIC'
'-37.879098','145.165614','Salvation Army - Glen Waverley','253 Springvale Rd, Glen Waverley VIC'
'-37.872755','144.720020','Salvation Army - Hoppers Crossing','19-21 Elm Park Drv, Hoppers Crossing VIC'
'-37.822358','145.304539','Salvation Army - Kilsyth South','239 Colchester Rd, Kilsyth South VIC'
'-37.672184','145.017555','Salvation Army - Lalor','20 May Rd, Lalor VIC'
'-37.758007','145.351207','Salvation Army - Lilydale','230-232 Main St, Lilydale VIC'
'-37.863542','145.027920','Salvation Army - Malvern','57 Glenferrie Rd, Malvern VIC'
'-37.682170','144.583860','Salvation Army - Melton','47 Unitt St, Melton VIC'
'-37.982790','145.064344','Salvation Army - Mentone','46 Florence St, Mentone VIC'
'-38.006312','145.086117','Salvation Army - Mordialloc','558 Main St, Mordialloc VIC'
'-37.875793','145.127534','Salvation Army - Mt Waverley','3/9-11 Hamilton Pl, Mt Waverley VIC'
'-37.916673','145.176932','Salvation Army - Mulgrave','204 Brandon Park Drv, Mulgrave VIC'
'-38.026527','145.303330','Salvation Army - Narre Warren','3 Webb St, Narre Warren VIC'
'-37.733961','144.883177','Salvation Army - Niddrie','4/302 Keilor Rd, Niddrie VIC'
'-37.959208','145.190259','Salvation Army - Noble Park','400 Princes Hwy, Noble Park VIC'
'-37.819869','145.175414','Salvation Army - Nunawading','150 Springvale Rd, Nunawading VIC'
'-37.899118','145.091716','Salvation Army - Oakleigh','50 Atherton Rd, Oakleigh VIC'
'-37.742109','145.003339','Salvation Army - Preston','331 High St, Preston VIC'
'-37.815143','145.229122','Salvation Army - Ringwood','165 Maroondah Hwy, Ringwood VIC'
'-37.918194','145.237745','Salvation Army - Rowville','3/5 Fulham Rd, Rowville VIC'
'-37.584673','144.721504','Salvation Army - Sunbury','3/100 Horne St, Sunbury VIC'
'-37.869656','145.238311','Salvation Army - Wantirna','425 Burwood Hwy, Wantirna VIC'
'-37.853153','144.993316','Salvation Army - Windsor','144 Chapel St, Windsor VIC'
'-37.898913','145.088514','Temcare - Oakleigh','5A Station Street, Oakleigh VIC'
'-37.811498','145.252677','Temcare - East Ringwood','116 Railway Avenue, East Ringwood VIC'
'-37.840763','144.956221','Uniting Care Southport - Albert Park','115 Bridport Street, Albert Park VIC'
'-37.873643','144.814163','St Eanswythe\'s Op Shop - Altona','Queen Street, Altona VIC'
'-37.772431','144.915837','St Paul with All Saints Opportunity Shop - Ascot Vale','215 Union Rd, Ascot Vale VIC'
'-37.863347','145.080976','Ashburton Support Services Opportunity Shop - Ashburton','285b High St, Ashburton VIC'
'-37.863774','145.081204','Wesley Ware Shop - Ashburton','252 High, Ashburton VIC'
'-37.869134','144.995122','Josies Jewish Opportunity Shop - Balaclava','255 Carlisle Street, Balaclava VIC'
'-37.813117','145.084981','Evergreen Opportunity Shop - Balwyn','437 Whitehorse Rd, Balwyn VIC'
'-37.842479','145.267152','Knox Opportunity Shop - Bayswater','U3/29 Macauley Pl, Bayswater VIC'
'-37.908599','145.355190','Belgrave Op Shop - Belgrave','1708 Burwood Highway, Belgrave VIC'
'-37.909266','145.354626','Christians For Youth Support Opportunity Shop - Belgrave','Shop 3/1678 Burwood Hwy, Belgrave VIC'
'-37.926369','145.354098','St Martin\'s Community Shop - Belgrave','78 Colby Drive, Belgrave VIC'
'-37.918997','145.041161','Golden Opportunity Shop - Bentleigh','512a Centre Rd, Bentleigh VIC'
'-37.920464','145.055052','Op shop - Bentleigh','701 Centre Rd, Bentleigh VIC'
'-38.031728','145.343835','Berwick Opportunity Shop - Berwick','3a Clyde Rd, Berwick VIC'
'-37.970073','145.017489','Statewide Autistic Services Opportunity Shop - Black Rock','102-104 Bluff Rd, Black Rock VIC'
'-37.861611','145.283664','Aussie Veterans Opportunity Shop - Boronia','5 Erica Ave, Boronia VIC'
'-37.837267','145.111652','Benlion Opportunity Shop - Box Hill South','192 Elgar Rd, Box Hill South VIC'
'-37.916302','144.996754','Biccy\'s Op Shop - Brighton','148 Church St, Brighton VIC'
'-37.897334','145.002170','St Stephen\'s Op Shop - Brighton','116 Martin Street, Brighton VIC'
'-37.911059','144.992097','St Andrew\'s Opportunity Shop - Brighton','17 St Andrew\'s Street, Brighton VIC'
'-37.664807','144.931062','Broadmeadows Dallas Anglican Parish Op Shop - Broadmeadows','Cnr Barry Rd & Emerald St., Broadmeadows VIC'
'-37.771676','144.962398','Christ Church Opportunity Shop - Brunswick','rear 8 Glenlyon Road, Brunswick VIC'
'-37.766651','144.960203','Co-op Shop - Brunswick','313 Victoria St, Brunswick VIC'
'-37.769262','144.961755','Don Bosco Brunswick Youth Foundation Inc. Opportunity Shop - Brunswick','368 Sydney Rd, Brunswick VIC'
'-37.767120','144.961508','eekos - ethical and earth-kind op shop - Brunswick','318 Victoria St, Brunswick VIC'
'-37.765046','144.944322','St John\'s Op Shop - Brunswick West','494A Victoria Street, Brunswick West VIC'
'-37.849931','145.092770','Animal Liberation - Burwood','1355 Toorak Rd, Burwood VIC'
'-37.797213','144.969960','Yooralla Carlton Bargain Shop - Carlton','134-136 Elgin St, Carlton VIC'
'-37.889403','145.057546','Millennium Life Opportunity Shop - Carnegie','317 Neerim Rd, Carnegie VIC'
'-37.880029','145.023306','National Council of Jewish Women of Australia - The Oppe Shoppe - Caulfield','Hawthorn Road, near corner of Glen Eira, Caulfield VIC'
'-37.876475','145.041991','Caulfield East Opportunity Shop - Caulfield East','6 Derby Rd, Caulfield East VIC'
'-37.879068','145.099578','Amaroo Op Shop - Chadstone','34 Amaroo St, Chadstone VIC'
'-38.053879','145.116422','St Chad\'s Opportunity Shop - Chelsea','432 Nepean Hwy, Chelsea VIC'
'-37.967006','145.057153','Cheltenham Opportunity Shop - Cheltenham','35 Station Rd, Cheltenham VIC'
'-37.966427','145.055514','Family Life Op Shop - Cheltenham','316 Charman Rd, Cheltenham VIC'
'-37.985488','145.214057','Margaret\'s Opp Shop - Dandenong','343 Lonsdale St, Dandenong VIC'
'-37.674485','145.157421','Diamond Creek Austin & Repatriation Medical Centre Op Shop - Diamond Creek','42-44 Main Hurtsbridge Rd, Diamond Creek VIC'
'-38.333545','144.963508','Op Shop - Dromana','28 Gibson Crt, Dromana VIC'
'-37.892525','145.013754','St Catherine\'s Op Shop in their church hall - Elsterwick','cnr Kooyong Rd and Clarence, Elsterwick VIC'
'-37.976083','145.270880','Endeavour Opportunity Shop - Endeavour Hills','2 Hanna Drv, Endeavour Hills VIC'
'-37.977680','145.261694','The Endeavour Opportunity Shop - Endeavour Hills','2 Raymond Mcmahon Blv, Endeavour Hills VIC'
'-37.747149','144.912299','Christ Church Opportunity Shop - Essendon','Cnr Marco Polo St & Mt Alexander Rd, Essendon VIC'
'-37.755281','144.917023','Rowallen Op Shop - Essendon','10 Russell, Essendon VIC'
'-37.778367','145.018004','Fairfield SPACE Op Shop - Fairfield','88a Station St, Fairfield VIC'
'-37.804530','144.979869','Anglicare Victoria Op Shop - Fitzroy','122 Napier Street, Fitzroy VIC'
'-37.801063','144.983722','The All So Fabulous Op Shop - Fitzroy','259 Smith St, Fitzroy VIC'
'-37.788870','144.884537','Community Link-Up Opportunity Shop - Footscray North','11 May Street, Footscray North VIC'
'-38.144262','145.121288','Opportunity Shop - Frankston','13 Playne St, Frankston VIC'
'-38.141843','145.125493','St Paul\'s Anglican Op Shop - Frankston','29 Ross Smith Avenue, Frankston VIC'
'-37.889884','145.044684','Posh Opp Shop - Glen Huntly','1226 Glen Huntly Rd, Glen Huntly VIC'
'-37.705931','144.917903','Rotary Opportunity Shop - Glenroy','cnr Waterloo Rd and Glenroy Rd, Glenroy VIC'
'-38.035682','145.267168','Sunflower Opportunity Shop - Hampton Park','Shp13, cnr Hallam Rd and Fordholm Rd, Hampton Park VIC'
'-37.741172','145.039934','Wildlife Care Network Opportunity Shop - Heidelberg West','1 Moresby Crt, Heidelberg West VIC'
'-37.908838','145.104261','Sylvia\'s Opportunity Shop - Huntingdale','278 Huntingdale Rd, Huntingdale VIC'
'-37.636510','145.197832','Hurstbridge Op Shop - Hurstbridge','958 Main Rd, Hurstbridge VIC'
'-37.773958','145.060061','St George\'s Anglican Church Op Shop - Ivanhoe East','46 Warncliffe Rd, Ivanhoe East VIC'
'-37.805560','145.034222','CMS Opportunity Shop - Kew','Cnr. High & Pakington Sts, Kew VIC'
'-37.802808','145.316216','Remur Opportunity Shop - Kilsyth','8 Collins Pl, Kilsyth VIC'
'-37.871197','145.253879','Knoxfield Opportunity Shop - Knoxfield','34 Parkhurst Drv, Knoxfield VIC'
'-38.165002','145.188595','St Thomas\' Opportunity Shop - Langwarrin','Cnr Warrandyte & North Rds, Langwarrin VIC'
'-37.758592','145.351206','Anglicare Yarra Ranges Op Shop - Lilydale','Shp 2/4 Clarke St, Lilydale VIC'
'-37.757481','145.346160','Golden Opportunity Shop - Lilydale','5/10 William Street, Lilydale VIC'
'-37.757532','145.346107','Lilydale C I C Op Shop - Lilydale','12 William St, Lilydale VIC'
'-37.726232','145.070814','St Andrew\'s Anglican Church Opportunity Shop - Macleod','76 Aberdeen Street, Macleod VIC'
'-37.725876','145.070881','Southern Cross Treasures - Macleod','88 Aberdeen Street, Macleod VIC'
'-37.729655','145.078394','Strathalan Opportunity Shop - Macleod','2-34 Erskine Rd, Macleod VIC'
'-37.702644','144.572114','Op Shop - Melton','Brooklyn Rd, Melton VIC'
'-37.982548','145.064064','Southern Opportunity Shop - Mentone','51 Florence St, Mentone VIC'
'-37.816072','145.193224','ADRA Op Shop - Mitcham','37 Enterprise Way, Mitcham VIC'
'-37.874139','145.406890','Monbulk Community Care Network - Monbulk','63 Main Street, Monbulk VIC'
'-37.876487','145.409329','Monbulk Primary School Op Shop - Monbulk','26 Main Street, Monbulk VIC'
'-38.006549','145.086814','Lions Opportunity Shop - Mordialloc','497 Main St, Mordialloc VIC'
'-37.787987','145.313327','Secondhand Heaven - Mooroolbark','224 Hull Road, Mooroolbark VIC'
'-37.752598','144.964641','St Augustine\'s Op Shop - Moreland','100 Sydney Rd, Moreland VIC'
'-38.218057','145.036750','Peter\'s Place Op Shop - Mornington','3 Queen Street, Mornington VIC'
'-37.786029','145.381279','Treasure Corner Op Shop - Mt Evelyn','4 York Rd, Mt Evelyn VIC'
'-37.874735','145.126779','Lions Club Of Waverley Inc Opportunity Shop - Mt Waverley','54 Wadham Pde, Mt Waverley VIC'
'-38.026692','145.305361','Warren Opportunity Shop Inc. - Narre Warren','4a Malcolm Crt, Narre Warren VIC'
'-37.846306','144.872869','Anglican Op Shop - Newport','40 Challis St, Newport VIC'
'-37.966890','145.174417','Op Shop Ermha\'s - Noble Park','13 Buckley St, Noble Park VIC'
'-37.974515','145.173088','St Aidan\'s Opportunity Shop - Noble Park','17 Buckley St, Noble Park VIC'
'-37.794327','144.941678','St Alban\'s Jumble Centre - North Melbourne','55 Melrose Street, North Melbourne VIC'
'-37.851082','144.993268','Prahran Mission Goodwill Shop - Prahran','211 Chapel St, Prahran VIC'
'-37.749827','145.002066','Northern Community Church of Christ Opportunity Shop - Preston','81 High St, Preston VIC'
'-37.731635','145.014204','St Mary\'s Opportunity Shop - Preston','629 Plenty Rd, Preston VIC'
'-37.714853','145.004417','St George\'s Op Shop - Reservoir','30 Ralph St, Reservoir VIC'
'-37.463723','144.677577','Bargain Box Op Shop - Riddells Creek','8A Station Street, Riddells Creek VIC'
'-38.381662','144.885939','Rotary Opportunity Warehouse - Rosebud','4-13 Newington Avenue, Rosebud VIC'
'-37.952085','145.005415','All Souls\' Opportunity Shop - Sandringham','46 Bay Rd, Sandringham VIC'
'-37.834069','144.960462','South Melbourne Community Chest Opportunity Shop - South Melbourne','202 Bank St, South Melbourne VIC'
'-37.829576','144.882632','St Mark\'s Op Shop - Spotswood','127 Hudsons Road, Spotswood VIC'
'-37.579691','144.732022','St Mary\'s Community Store - Sunbury','9 OShannassy Street, Sunbury VIC'
'-37.785914','144.832101','Goss\'nshop - Sunshine','248 Hampshire Road, Sunshine VIC'
'-37.785475','144.833973','Wayside Opportunity Centre - Sunshine','30 Withers, Sunshine VIC'
'-37.906890','145.346291','Tecoma Op Shop - Tecoma','1569 Burwood Hwy, Tecoma VIC'
'-37.758492','145.000376','Lions Club of Northcote - Thornbury','735 High Street, Thornbury VIC'
'-37.842205','145.010386','Toorak Opportunity Shop - Toorak','143 Canterbury Rd, Toorak VIC'
'-37.849462','145.043031','St James Op Shop - Tooronga','1378 Malvern Road, Tooronga VIC'
'-37.836770','145.195401','New Beginnings Op Shop - Vermont','8 Boronia Rd, Vermont VIC'
'-37.737563','145.219527','Lions Opportunity Shop - Warrandyte','168 Yarra Street, Warrandyte VIC'
'-37.677092','144.886941','The Bridge Op Shop - Westmeadows','34B Fawkner Street, Westmeadows VIC'
'-37.514397','145.115601','Whittlesea Opportunity Shop - Whittlesea','7 Laurel St, Whittlesea VIC'
'-37.797512','144.877086','Opportunity Shop - West Footscray','557 Barkly St, West Footscray VIC'
'-37.864909','144.903265','St Andrews (church op shop) - Williamstown','89 Cecil Street, Williamstown VIC'
'-37.856902','144.897698','Williamstown Uniting Church Opportunity Shop - Williamstown','Stevedore St, Williamstown VIC'
'-37.854940','144.992606','Storehouse Charity Inc Op Shop - Windsor','77 Chapel St, Windsor VIC'
'-37.657765','145.374184','Combined Churches Op Shop - Yarra Glen','33 Bell Street, Yarra Glen VIC'
'-37.812057','144.875102','St Paul\'s Opportunity Shop - Yarraville','295 Somerville Road, Yarraville VIC'
'-37.822048','145.030532','Save the Children Op Shop - Hawthorn','Burwood Rd, Hawthorn VIC'
'-23.379103','150.514526','Lifeline - (City Heart Mall)','131 East St , ROCKHAMPTON 4700'
'-27.591564','151.914649','Lifeline - Anzac Avenue','Cnr Anzac Avenue & Boothby Street, TOOWOOMBA 4350'
'-19.573685','147.406799','Lifeline - Ayr','89 Queen St , AYR 4807'
'-23.378604','150.504820','Lifeline - Campbell Street','203 Campbell St , (cnr Archer St), ROCKHAMPTON 4700'
'-19.320322','146.726662','Lifeline - Cannon Park','Shop 2, 4 High Range Road, KIRWAN 4817'
'-27.521761','153.191324','Lifeline - Capalaba','Dollery Rd (cnr Noeleen St), Capalaba'
'-26.393666','146.255447','Lifeline - Charleville','104 Alfred St, Charleville'
'-19.258849','146.817691','Lifeline - City','289 Flinders St , TOWNSVILLE 4810'
'-27.562144','151.952247','Lifeline - Duggan St Toowoomba','Duggan St , TOOWOOMBA 4350'
'-27.607347','152.781433','Lifeline - East Ipswich','80 Jacaranda St , East Ipswich 4305'
'-27.608828','152.897171','Lifeline - Goodna','17 Smiths Rd , Goodna 4300'
'-18.647734','146.159454','Lifeline - Ingham','65-69 Herbert St , INGHAM 4850'
'-27.613911','152.756744','Lifeline - Ipswich','205 Brisbane St , Ipswich 4305'
'-19.361866','146.732013','Lifeline - Kelso','2/ 1219 Riverway Drive, KELSO 4815'
'-26.540620','151.838776','Lifeline - Kingaroy','1/16 Alford Street, KINGAROY 4610'
'-21.127915','149.193985','Lifeline - Mackay Creek St','23 Creek St, MACKAY 4740'
'-21.148447','149.171734','Lifeline - Mackay Nebo Rd','122 Nebo Rd , Mackay 4740'
'-21.147261','149.181778','Lifeline - Mackay Shakespeare St','287 Shakespeare St Mackay, Mackay 4740'
'-25.541592','152.700587','Lifeline - Maryborough City','276 Alice St (cnr Bazaar St) , Maryborough 4650'
'-23.352116','150.510612','Lifeline - Megastore','57a Alexandra Street, NORTH ROCKHAMPTON'
'-22.000908','148.057114','Lifeline - Moranbah','159 Mills Ave , Moranbah 4744'
'-20.726904','139.492477','Lifeline - Mt Isa','79 Camooweal St , MT ISA 4825'
'-23.645050','150.387751','Lifeline - Mt Morgan','47 Morgan St, Mt Morgan'
'-19.300848','146.741294','Lifeline - Mt View','Bamford Lane, KIRWAN 4817'
'-21.128367','149.193161','Lifeline - North Mackay','18 Creek Street, NORTH MACKAY 4740'
'-27.433334','151.719948','Lifeline - Oakey','3 Cherry St, Oakey'
'-25.280701','152.839745','Lifeline - Pialba (Hervey Bay)','14 Main St , Pialba 4655'
'-20.401581','148.582947','Lifeline - Proserpine','51 Main St , Proserpine 4800'
'-27.230202','153.115396','Lifeline - Redcliffe','92 Sutton St , Redcliffe 4200'
'-23.378604','150.504820','Lifeline - Rockhampton','201 Campbell St , (Cnr Archer St), ROCKHAMPTON 4700'
'-26.571873','148.788727','Lifeline - Roma','102 McDowall St , Roma'
'-21.423834','149.218155','Lifeline - Sarina','24 Broad St , SARINA 4737'
'-27.624998','153.130188','Lifeline - Springwood','7 Watland St , Springwood'
'-28.037889','148.578491','Lifeline - St George','138 Victoria St , St George'
'-28.656080','151.932747','Lifeline - Stanthorpe','11 Rogers St, Stanthorpe'
'-19.298857','146.764634','Lifeline - Sunvale','Patrick St (cnr Elizabeth St) , AITKENVALE 4814'
'-27.276245','150.459843','Lifeline - Tara','11 Fry St, Tara'
'-25.557283','152.670757','Lifeline - Tinana (Maryborough)','2 Oleander Drv , Tinana 4650'
'-27.561751','151.946155','Lifeline - Toowoomba','106 Hill St , TOOWOOMBA 4350'
'-27.571883','151.950073','Lifeline - Toowoomba','187 Perth St , TOOWOOMBA 4350'
'-27.558611','151.953761','Lifeline - Toowoomba Book Shop','343 Ruthven St , TOOWOOMBA 4350'
'-27.561751','151.946155','Lifeline - Toowoomba Furniture Shop','106 Hill St, TOOWOOMBA 4350'
'-27.508367','151.923353','Lifeline - Toowoomba Smart Tip Shop','Bedford St , TOOWOOMBA 4350'
'-25.283510','152.902390','Lifeline - Urangan Central (Hervey Bay)','Shop 4, 8 Pier Street, URANGAN 4655'
'-27.556088','151.954175','Lifeline - Vintage Wardrobe','302 Ruthven St, TOOWOOMBA 4350'
'-26.122201','149.965829','Lifeline - Wandoan','North Street, WANDOAN'
'-27.480751','153.012398','Lifeline - West End','148 Boundary Rd , West End 4101'
'-36.762228','144.280847','Storehouse - Windsor','80 Mitchel St, Bendigo'
'-38.356504','144.905000','Brotherhood of St Laurence - Rosebud','Wannaeue Place, Rosebud VIC'
'-37.874408','144.718843','St Vincent de Paul - Hoppers Crossing','10 Costas Drive, Hoppers Crossing VIC'
'-38.105916','145.165453','Salvation Army - Carrum Downs','5/2 Amayla Cres, Carrum Downs VIC'
'-37.884867','145.003917','Salvation Army - Elsternwick','366 Glen Huntly Rd, Elsternwick VIC'
'-37.787475','144.830196','Salvation Army - Sunshine','31 Sun Crescent, Sunshine VIC'
'-37.884646','145.002195','Opportunity Shop - St Johns Uniting - Elsternwick','302 Glen Huntly Rd, Elsternwick VIC'
'-27.315157','153.033203','Lifeline - Bracken Ridge','57 Gawain Rd, Bracken Ridge 4017'
'-34.874495','138.551683','Salvos - Arndale','1-7 Gray Street, Kilkenny, SA 5009'
'-31.861453','115.815878','Salvos - Balcatta','207 Balcatta Road, Balcatta, WA 6021'
'-32.154950','116.014797','Salvos - Armadale','Unit 7 / 40 Fourth Road, Armadale, WA 6112'
'-42.833797','147.277365','Salvos - Glenorchy','Shop 11350-360, Main Road, Glenorchy, TAS 7010'
'-42.875953','147.368995','Salvos - Bellerive','15 Percy Street, Bellerive, TAS 7108'
'-31.956620','115.930210','Salvos - Belmont','11 / 199 Abernethy Road, Belmont, WA 6104'
'-37.927829','145.058606','Salvos - Bentleigh East','5-7 Clarence Street, Bentleigh East, VIC 3165'
'-34.286226','140.600612','Salvos - Berri','9 William Street, Berri, SA 5343'
'-35.014937','138.522411','Salvos - Brighton','429 Brighton Road, Brighton, SA 5048'
'-33.333076','115.648117','Salvos - Bunbury','Cnr. Albert & Mervyn Streets, Bunbury, WA 6230'
'-33.320810','115.637310','Salvos - Bunbury City','Shop 14, Victoria Street, Bunbury, WA 6230'
'-32.066064','115.899886','Salvos - Canning Vale','2A / 256 Bannister Road, Canning Vale, WA 6155'
'-32.015410','115.928390','Salvos - Cannington','1299 Albany Highway, Cannington, WA 6107'
'-35.028639','138.557502','Salvos - Darlington','1507 Main South Road, Darlington, SA 5047'
'-12.441232','130.840325','Salvos - Darwin, (Salonika St.)','Lot 5043 Salonika Street, Stuart Park, NT 0820'
'-37.768970','144.755082','Salvos - Deer Park','Lot 2 Westwood Drive, Deer Park, VIC 3023'
'-41.524373','146.653596','Salvos - Deloraine','65 Emu Bay Road, Deloraine, TAS 7304'
'-38.174220','144.575033','Salvos - Drysdale','8 Mortimer Street, Drysdale, VIC 3222'
'-32.052550','115.749580','Salvos - Fremantle','3 /5 Josephson Street, Fremantle, WA 6160'
'-34.926322','138.521659','Salvos - Fulham','Shop 6, Henley Beach Road, Fulham, SA 5024'
'-38.169574','144.365731','Salvos - Geelong South','81 Barwon Terrace, Geelong, VIC 3220'
'-38.133509','144.349387','Salvos - Geelong West','4/23 Pakington St, Geelong, VIC 3220'
'-34.845116','138.601131','Salvos - Gepps Cross','580 Main North Road, Gepps Cross, SA 5094'
'-34.987950','138.515942','Salvos - Glenelg','43 Broadway, Glenelg, SA 5045'
'-31.821201','115.817054','Salvos - Greenwood','3/10 Canham Way, Greenwood, WA 6024'
'-38.193757','144.342760','Salvos - Grovedale','1/146 Torquay Road, Grovedale, VIC 3216'
'-33.079941','115.896223','Salvos - Harvey','17 Hayward Street, Harvey, WA 6220'
'-34.931965','138.562333','Salvos - Hilton','154 Sir Donald Bradman Drive, Hilton, SA 5033'
'-42.859936','147.307663','Salvos - Hobart','115-117 New Town Road, New Town, TAS 7008'
'-31.741610','115.760130','Salvos - Joondalup','2/116 Winton Road, Joondalup, WA 6027'
'-14.464027','132.263141','Salvos - Katherine','22 First Street, Katherine,NT 0850'
'-32.133490','116.009930','Salvos - Kelmscott','227 Railway Parade, Kelmscott, WA 6111'
'-34.914125','138.659685','Salvos - Kensington Gardens','418 Magill Road, Kensington Gardens, SA 5068'
'-41.463967','147.158606','Salvos - Kings Meadows','89 Hobart Road, Kings Meadows, TAS 7249'
'-34.963939','138.591158','Salvos - Kings Park','307 Goodwood Road, Kings Park, SA 5034'
'-37.246177','144.453972','Salvos - Kyneton','162B Mollison Street, Kyneton, VIC 3444'
'-38.022100','144.416295','Salvos - Lara','28 Hicks Street, Lara, VIC 3212'
'-41.422382','147.135480','Salvos - Launceston','157-161 Invermay Road, Invermay, TAS 7248'
'-31.942010','115.841080','Salvos - Leaderville','29 Oxford Close, Leederville, WA 60'
'-32.533722','115.724820','Salvos - Mandurah','Unit 2/21 George Street (cnr Davey Street), Mandurah, WA 6210'
'-34.244140','116.142910','Salvos - Manjimup','Unit 1/4 Rose Street, Manjimup, WA 6258'
'-31.929941','115.895019','Salvos - Maylands','203 Guildford Road, Maylands, WA 6051'
'-34.988503','138.575451','Salvos - Melrose Park','1069 South Road, Melrose Park, SA 5039'
'-31.890020','116.005280','Salvos - Midland','284 Great Eastern Highway, Midland, WA 6056'
'-34.831956','138.694565','Salvos - Modbury','Showroom 2, 14 Smart Road, Modbury, SA 5092'
'-42.823837','147.266794','Salvos - Montrose','12B Duncan Street, Montrose, TAS 7010'
'-31.897710','115.896090','Salvos - Morley','156 Russell Street, Morley, WA 6062'
'-35.105496','138.525864','Salvos - Morphett Vale','140 Sherriffs Road, Morphett Vale, SA 51'
'-35.063204','138.860074','Salvos - Mount Barker','20a Druids Ave, Mount Barker, SA 5251'
'-34.667875','138.701925','Salvos - Munno Para','2/5 Karri Street, Munno Para, SA 5115'
'-38.172390','144.397037','Salvos - Newcomb','3/114 Bellarine Highway, Newcomb, VIC 3219'
'-37.743980','144.909311','Salvos - Niddrie','4 / 302 Keilor Road, North Essendon, VIC 3041'
'-35.138932','138.489928','Salvos - Noarlunga','160-168 Beach Road, Noarlunga Center, SA 5168'
'-31.689110','115.718200','Salvos - Ocean Keys','6/35 Ocean Keys Bvd., Clarkson, WA 6030'
'-32.062780','115.786380','Salvos - O\'Connor','Unit 2/354 South Street, O\'Connor, WA 6163'
'-31.908896','115.803948','Salvos - Osborne Park','2/320 Selby Street, Osborne Park, WA 6017'
'-38.060312','145.458598','Salvos - Pakenham','6 - 8 Michael Street, Pakenham, VIC 3810'
'-38.076430','145.480767','Salvos - Pakenham City','70 Main Street, Pakenham, VIC 3810'
'-34.899538','138.635776','Salvos - Payneham','Shop 3/309 Payneham Road, Royston Park, SA 5070'
'-31.953050','115.860740','Salvos - Perth City','119 Barrack Street, Perth, WA 6000'
'-34.844875','138.505297','Salvos - Port Adelaide','76 Commercial Road, Port Adelaide, SA 5015'
'-32.363890','115.759280','Salvos - Port Kennedy','Unit 3/50 Fielden Way, Port Kennedy, WA 6172'
'-34.874286','138.579215','Salvos - Regency Park','Unit 2 Pedder Crescent, Kilburn, SA 5084'
'-34.173547','140.750514','Salvos - Renmark','143 Murray Street, Renmark, SA 5341'
'-38.358323','144.895566','Salvos - Rosebud','1247 Point Nepean Road, Rosebud, VIC 3939'
'-34.762749','138.644170','Salvos - Salisbury','31 John Street, Salisbury, SA 5108'
'-34.883822','138.513457','Salvos - Seaton','7 / 180 - 183 Tapleys Hill Road, Seaton, SA 5023'
'-42.781160','147.563221','Salvos - Sorell','Shop 4/31 Cole Street, Sorell, TAS 7172'
'-32.074173','115.754209','Salvos - South Fremantle','Shop 7/47 Douro Road, South Fremantle, WA 6162'
'-31.948718','115.823217','Salvos - Subiaco Boutique','86A Rowland Street, Subiaco, WA 6008'
'-38.193126','146.549356','Salvos - Traralgon','93a Argyle Street, Traralgon, VIC 3844'
'-31.979789','115.900610','Salvos - Victoria Park','642-644 Albany Highway, Victoria Park, WA 6100'
'-36.354305','146.328584','Salvos - Wangaratta','118 - 120 Murphy Street, Wangaratta, VIC 3677'
'-31.751090','115.804390','Salvos - Wanneroo','10 Rocca Way, Wanneroo, WA 6065'
'-33.036057','137.574292','Salvos - Whyalla','Cnr Essington Lewis & Duncan Streets, Whyalla, SA 5600'
'-32.039160','115.883700','Salvos - Willetton','165 High Road, Willetton, WA 6155'
'-37.851947','144.862838','Salvos - Williamstown','Churchill Street, Williamstown, VIC 3016'
'-34.863271','138.648548','Salvos - Windsor Gardens','460 North East Road, Windsor Gardens, SA 5087'
'-12.425590','130.882203','Salvos - Winnellie','458 Stuart Highway, Winnellie, NT 0820'
'-36.119383','146.874770','Salvos - Wodonga','153 Melbourne Road, Wodonga, VIC 3690'
'-32.294570','115.764050','Salvos - Woodbridge','Shop 7 / 2-4 Elanora Drive, Cooloongup, WA 6168'
'-37.355623','144.529835','Salvos - Woodend','Shop 16,130 High Street, Woodend, VIC 3442'
'-41.489035','147.168637','Salvos - Youngtown','405 - 407 Hobart Road, Youngtown, TAS 7249'
'-33.307010','151.415901','www.optots.com','po box 3301 tuggerah nsw 2259'


